mod_code,email,leader,term,academic_year
CS1840,zhaohui.luo@rhul.ac.uk,true,2,2021/2022
CS1840,Reuben.Rowe@rhul.ac.uk,false,2,2021/2022
CS1870,e.scott@rhul.ac.uk,true,2,2021/2022
CS2810,carlos.matos@rhul.ac.uk,true,2,2021/2022
CS2810,nicola.paoletti@rhul.ac.uk,false,2,2021/2022
CS2810,Argyrios.Deligkas@rhul.ac.uk,false,2,2021/2022
CS2860,chris.watkins@rhul.ac.uk,true,2,2021/2022
CS2860,eduard.eiben@rhul.ac.uk,false,2,2021/2022
CS2900,hugh.shanahan@rhul.ac.uk,true,2,2021/2022
CS2910,kostas.stathis@rhul.ac.uk,true,2,2021/2022
CS3480,a.johnstone@rhul.ac.uk,true,2,2021/2022
CS3510,zhaohui.luo@rhul.ac.uk,true,2,2021/2022
CS3846,carlos.matos@rhul.ac.uk,true,2,2021/2022
CS3870,Magnus.Wahlstrom@rhul.ac.uk,true,1,2021/2022
CS4200,yuri.kalnishkan@rhul.ac.uk,true,2,2021/2022
CS4234,Daniel.OKeeffe@rhul.ac.uk,true,2,2021/2022
CS4504,Giorgios.Koutsoukos@rhul.ac.uk,true,2,2021/2022
CS4950,chris.watkins@rhul.ac.uk,true,2,2021/2022
CS1822,matthew.hague@rhul.ac.uk,true,Both,2021/2022
CS1822,Reuben.Rowe@rhul.ac.uk,false,1,2021/2022
CS1822,d.cohen.work@googlemail.com,false,2,2021/2022
CS3945,Iddo.Tzameret@rhul.ac.uk,true,1,2021/2022
CS4250,zhiyuan.luo@rhul.ac.uk,true,2,2021/2022
CS4990,yang.gao@rhul.ac.uk,true,2,2021/2022
CS4980,sara.bernardini@rhul.ac.uk,true,2,2021/2022
CS1812,Reuben.Rowe@rhul.ac.uk,true,2,2021/2022
CS1812,Matteo.Sammartino@rhul.ac.uk,false,2,2021/2022
CS1813,Reuben.Rowe@rhul.ac.uk,false,2,2021/2022
CS1813,Matteo.Sammartino@rhul.ac.uk,false,2,2021/2022
IY2760,Peter.Komisarczuk@rhul.ac.uk,false,1,2021/2022
IY2840,salaheddin.darwish@rhul.ac.uk,true,2,2021/2022
IY2840,Jassim.Happa@rhul.ac.uk,false,2,2021/2022
IY3660,carlos.cid@rhul.ac.uk,true,1,2021/2022
IY3501,Rachel.Player@rhul.ac.uk,true,2,2021/2022
IY3840,daniele.sgandurra@rhul.ac.uk,true,1,2021/2022
IY3609,stephen.wolthusen@rhul.ac.uk,true,2,2021/2022
IY3612,stephen.wolthusen@rhul.ac.uk,true,2,2021/2022
IY3606,K.Markantonakis@rhul.ac.uk,true,2,2021/2022
IY4501,C.Mitchell@rhul.ac.uk,true,1,2021/2022
IY4523,Geraint.Price@rhul.ac.uk,true,1,2021/2022
IY4610,Darren.Hurley-Smith@rhul.ac.uk,true,2,2021/2022
CS3470,e.scott@rhul.ac.uk,true,1,2021/2022
IY2760,Elizabeth.Quaglia@rhul.ac.uk,true,1,2021/2022
IY2760,salaheddin.darwish@rhul.ac.uk,false,1,2021/2022
CS1813,carlos.matos@rhul.ac.uk,true,2,2021/2022
IY3821,d.cohen.work@googlemail.com,true,Both,2021/2022
IY3821,Argyrios.Deligkas@rhul.ac.uk,false,Both,2021/2022
CS4825,carlos.matos@rhul.ac.uk,true,Both,2020/2021
CS3810,d.cohen.work@googlemail.com,true,Both,2020/2021
CS3810,Argyrios.Deligkas@rhul.ac.uk,false,Both,2020/2021
CS1811,Julien.Lange@rhul.ac.uk,false,1,2020/2021
CS1811,matthew.hague@rhul.ac.uk,true,1,2020/2021
CS1860,gregory.gutin@rhul.ac.uk,true,1,2020/2021
CS1860,eduard.eiben@rhul.ac.uk,false,1,2020/2021
CS1890,carlos.matos@rhul.ac.uk,true,1,2020/2021
CS1890,Giorgios.Koutsoukos@rhul.ac.uk,false,1,2020/2021
CS2800,d.cohen.work@googlemail.com,true,1,2020/2021
CS2850,nicolo.colombo@rhul.ac.uk,true,1,2020/2021
CS2850,Matteo.Sammartino@rhul.ac.uk,false,1,2020/2021
CS2855,Iddo.Tzameret@rhul.ac.uk,true,1,2020/2021
CS2855,Argyrios.Deligkas@rhul.ac.uk,false,1,2020/2021
CS3003,Giorgios.Koutsoukos@rhul.ac.uk,true,1,2020/2021
CS3490,gregory.gutin@rhul.ac.uk,true,2,2020/2021
CS3821,d.cohen.work@googlemail.com,true,Both,2020/2021
CS3821,Argyrios.Deligkas@rhul.ac.uk,false,Both,2020/2021
CS3920,V.Vovk@rhul.ac.uk,true,1,2020/2021
CS3940,kostas.stathis@rhul.ac.uk,true,1,2020/2021
CS4100,zhiyuan.luo@rhul.ac.uk,true,1,2020/2021
CS4100,nicolo.colombo@rhul.ac.uk,false,1,2020/2021
CS4821,d.cohen.work@googlemail.com,true,Both,2020/2021
CS4821,Argyrios.Deligkas@rhul.ac.uk,false,Both,2020/2021
CS4860,Daniel.OKeeffe@rhul.ac.uk,true,1,2020/2021
CS1840,zhaohui.luo@rhul.ac.uk,true,2,2020/2021
CS1840,Reuben.Rowe@rhul.ac.uk,false,2,2020/2021
CS1870,e.scott@rhul.ac.uk,true,2,2020/2021
CS2810,carlos.matos@rhul.ac.uk,true,2,2020/2021
CS2810,nicola.paoletti@rhul.ac.uk,false,2,2020/2021
CS2810,Argyrios.Deligkas@rhul.ac.uk,false,2,2020/2021
CS2860,chris.watkins@rhul.ac.uk,true,2,2020/2021
CS2860,eduard.eiben@rhul.ac.uk,false,2,2020/2021
CS2900,hugh.shanahan@rhul.ac.uk,true,2,2020/2021
CS2910,kostas.stathis@rhul.ac.uk,true,2,2020/2021
CS3480,a.johnstone@rhul.ac.uk,true,2,2020/2021
CS3510,zhaohui.luo@rhul.ac.uk,true,2,2020/2021
CS3846,carlos.matos@rhul.ac.uk,true,2,2020/2021
CS3870,Magnus.Wahlstrom@rhul.ac.uk,true,1,2020/2021
CS4200,yuri.kalnishkan@rhul.ac.uk,true,2,2020/2021
CS4234,Daniel.OKeeffe@rhul.ac.uk,true,2,2020/2021
CS4504,Giorgios.Koutsoukos@rhul.ac.uk,true,2,2020/2021
CS4950,chris.watkins@rhul.ac.uk,true,2,2020/2021
CS1822,matthew.hague@rhul.ac.uk,true,Both,2020/2021
CS4825,carlos.matos@rhul.ac.uk,true,Both,2021/2022
CS3810,d.cohen.work@googlemail.com,true,Both,2021/2022
CS3810,Argyrios.Deligkas@rhul.ac.uk,false,Both,2021/2022
CS1811,Julien.Lange@rhul.ac.uk,false,1,2021/2022
CS1811,matthew.hague@rhul.ac.uk,true,1,2021/2022
CS1860,gregory.gutin@rhul.ac.uk,true,1,2021/2022
CS1860,eduard.eiben@rhul.ac.uk,false,1,2021/2022
CS1890,carlos.matos@rhul.ac.uk,true,1,2021/2022
CS1890,Giorgios.Koutsoukos@rhul.ac.uk,false,1,2021/2022
CS2800,d.cohen.work@googlemail.com,true,1,2021/2022
CS2850,nicolo.colombo@rhul.ac.uk,true,1,2021/2022
CS2850,Matteo.Sammartino@rhul.ac.uk,false,1,2021/2022
CS2855,Iddo.Tzameret@rhul.ac.uk,true,1,2021/2022
CS1822,Reuben.Rowe@rhul.ac.uk,false,1,2020/2021
CS1822,d.cohen.work@googlemail.com,false,2,2020/2021
CS3945,Iddo.Tzameret@rhul.ac.uk,true,1,2020/2021
CS4250,zhiyuan.luo@rhul.ac.uk,true,2,2020/2021
CS4990,yang.gao@rhul.ac.uk,true,2,2020/2021
CS4980,sara.bernardini@rhul.ac.uk,true,2,2020/2021
CS1812,Reuben.Rowe@rhul.ac.uk,true,2,2020/2021
CS1812,Matteo.Sammartino@rhul.ac.uk,false,2,2020/2021
CS1813,Reuben.Rowe@rhul.ac.uk,false,2,2020/2021
CS1813,Matteo.Sammartino@rhul.ac.uk,false,2,2020/2021
IY2760,Peter.Komisarczuk@rhul.ac.uk,false,1,2020/2021
IY2840,salaheddin.darwish@rhul.ac.uk,true,2,2020/2021
IY2840,Jassim.Happa@rhul.ac.uk,false,2,2020/2021
IY3660,carlos.cid@rhul.ac.uk,true,1,2020/2021
IY3501,Rachel.Player@rhul.ac.uk,true,2,2020/2021
CS2855,Argyrios.Deligkas@rhul.ac.uk,false,1,2021/2022
CS3003,Giorgios.Koutsoukos@rhul.ac.uk,true,1,2021/2022
CS3490,gregory.gutin@rhul.ac.uk,true,2,2021/2022
CS3821,d.cohen.work@googlemail.com,true,Both,2021/2022
CS3821,Argyrios.Deligkas@rhul.ac.uk,false,Both,2021/2022
CS3920,V.Vovk@rhul.ac.uk,true,1,2021/2022
CS3940,kostas.stathis@rhul.ac.uk,true,1,2021/2022
CS4100,zhiyuan.luo@rhul.ac.uk,true,1,2021/2022
CS4100,nicolo.colombo@rhul.ac.uk,false,1,2021/2022
CS4821,d.cohen.work@googlemail.com,true,Both,2021/2022
CS4821,Argyrios.Deligkas@rhul.ac.uk,false,Both,2021/2022
CS4860,Daniel.OKeeffe@rhul.ac.uk,true,1,2021/2022
IY3840,daniele.sgandurra@rhul.ac.uk,true,1,2020/2021
IY3609,stephen.wolthusen@rhul.ac.uk,true,2,2020/2021
IY3612,stephen.wolthusen@rhul.ac.uk,true,2,2020/2021
IY3606,K.Markantonakis@rhul.ac.uk,true,2,2020/2021
IY4501,C.Mitchell@rhul.ac.uk,true,1,2020/2021
IY4523,Geraint.Price@rhul.ac.uk,true,1,2020/2021
IY4610,Darren.Hurley-Smith@rhul.ac.uk,true,2,2020/2021
CS3470,e.scott@rhul.ac.uk,true,1,2020/2021
IY2760,Elizabeth.Quaglia@rhul.ac.uk,true,1,2020/2021
IY2760,salaheddin.darwish@rhul.ac.uk,false,1,2020/2021
CS1813,carlos.matos@rhul.ac.uk,true,2,2020/2021
IY3821,d.cohen.work@googlemail.com,true,Both,2020/2021
IY3821,Argyrios.Deligkas@rhul.ac.uk,false,Both,2020/2021