email,curret_modules,added_choices,removed_choices,accepted,dealt_with,office_notified,comment,id,stamp
bsc.cs@live.rhul.ac.uk,"CS1840,CS3003","IY3840,CS3846,IY2840,CS1813,CS1890",,false,false,true,,1,2021-08-05T12:17:16.319Z
bsc.is.yini@live.rhul.ac.uk,"IY4609,IY4609,MT3110,CS1840",CS1840,CS1890,false,false,true,,2,2021-08-05T12:17:16.324Z
zfac023@live.rhul.ac.uk,,"IY3840,CS3003,CS3920,CS3846,CS3510,IY3609,CS3821",,false,false,false,,3,2021-08-06T09:40:04.802Z
zfac023@live.rhul.ac.uk,,"IY3840,CS3003,CS3920,CS3940,CS3846,CS3480,CS3821",,false,false,false,,4,2021-08-06T09:40:48.937Z
zfac023@live.rhul.ac.uk,,CS3001,,false,false,false,,5,2021-08-06T09:44:27.338Z
zfac023@live.rhul.ac.uk,,CS3001,,false,false,false,,6,2021-08-06T09:44:31.366Z
zfac023@live.rhul.ac.uk,,CS3001,,false,false,false,,7,2021-08-06T09:44:33.717Z
zfac023@live.rhul.ac.uk,,CS3001,,false,false,false,,8,2021-08-06T09:44:35.955Z
zfac023@live.rhul.ac.uk,,CS3001,,false,false,false,,9,2021-08-06T09:44:37.984Z
zfac023@live.rhul.ac.uk,,CS3001,,false,false,false,,10,2021-08-06T09:44:40.011Z