mod_code,option_key
CS2847,DC
CS2850,CM
CS2855,CM
CS2890,DC
CS2900,CS
CS2910,CM
CS2910,CS
CS3000,CM
CS3000,CS
CS3003,CM
CS3003,CS
CS3110,CM
CS3110,CS
CS3220,CM
CS3220,CS
CS3250,CM
CS3250,CS
CS3470,CM
CS3470,CS
CS3480,CM
CS3480,CS
CS3490,CS
CS3510,CM
CS3510,CS
CS3580,CM
CS3580,CS
CS3750,CM
CS3750,CS
CS3810,CM
CS3821,CM
CS3840,CM
CS3840,CS
CS3846,CM
CS3846,CS
CS3870,CS
CS3920,CM
CS3920,CS
CS3930,CM
CS3930,CS
CS3940,CM
CS3940,CS
CS3945,CM
CS3945,CS
CS4100,CSMSCI
CS4200,CSMSCI
CS4220,CSMSCI
CS4234,CSMSCI
CS4250,CSMSCI
CS4490,CSMSCI
CS4504,CSMSCI
CS4563,CSMSCI
CS4580,CSMSCI
CS4860,CSMSCI
CS4870,CSMSCI
CS4910,CSMSCI
CS4915,CSMSCI
CS4920,CSMSCI
CS4945,CSMSCI
CS4950,CSMSCI
CS4980,CSMSCI
CS4990,CSMSCI
DC2845,DC
DC3760,DC
DC3811,DC
IY2760,CM
IY2840,CM
IY2840,CS
IY3501,CM
IY3501,CS
IY3606,CM
IY3606,CS
IY3609,CM
IY3609,CS
IY3612,CM
IY3612,CS
IY3660,CM
IY3660,CS
IY3840,CM
IY3840,CS
IY4501,CSMSCI
IY4523,CSMSCI
IY4606,CSMSCI
IY4609,CSMSCI
IY4610,CSMSCI
IY4612,CSMSCI
MT2220,CM
MT2320,CM
MT2860,CM
MT3000,CM
MT3110,CM
MT3130,CM
CS3450,CS