mod_code,title,credits,project
CS1811,Object Oriented Programming I,15,false
CS1812,Object Oriented Programming II,15,false
CS1813,Software Development,15,false
CS1821,Programming Fundamentals,30,false
CS1822,Programming Laboratory,30,false
CS1840,Internet Services,15,false
CS1860,Mathematical Structures,15,false
CS1870,Machine Fundamentals,15,false
CS1890,Software Design,15,false
CS3810,Half Unit Project,15,true
CS4860,Advanced distributed systems and Communication Networks,15,false
MT1820,Matrix Algebra,15,false
CS4915,"Standards, IP and Technology",15,false
IY3840,Malicious Software,15,false
CS2841,Internet Services,15,false
CS1802,Software development,30,false
IY3606,"Smart Cards, RFIDs and Embedded Systems Security",15,false
CS2815,Small enterprise team project,15,false
IY2760,Introduction to Information Security,15,false
CS3915,"Standards, IP and Technology",15,false
CS2855,Databases,15,false
CS4870,Wireless sensor and actuator networks,15,false
IY4523,Secure business architectures,15,false
CS4580,Advanced Data Communications,15,false
CS3940,Intelligent agents and multi-agent systems,15,false
IY4606,"Smart Cards, RFIDs and Embedded Systems Security",15,false
CS3945,Semantic Web,15,false
IY4609,Digital forensics,15,false
MT3130,Complexity Theory,-1,false
CS4234,Large-Scale Data Storage and Processing,15,false
IY2840,Computer and network security,15,false
DC3760,Information Security,15,false
CS4220,Digital Audio and Applications,15,false
MT3110,Number Theory,-1,false
CS3470,Compilers and Code Generation,15,false
IY3660,Applications of Cryptography,15,false
CS4490,Computational Optimization,15,false
CS3563,Technology Entrepreneurship,15,false
IY4612,Cyber security,15,false
CS3840,Interconnected devices,15,false
CS2860,Algorithms and Complexity,15,false
CS3110,Bioinformatics,15,false
CS4250,Visualisation and Exploratory Analysis,15,false
CS2910,Artificial Intelligence,15,false
CS4001,Year in Industry,30,false
CS2890,Software Design,15,false
CS3823,Individual Project in Distributed and Networked Systems,30,true
CS3910,Running a Small Business,15,false
MT2860,Groups and Group Functions,-1,false
CS4945,Semantic Web,15,false
CS3846,Human-Computer Interaction,15,false
MT1710,Calculus,15,false
IY3612,Cyber security,15,false
DC1821,Programming Laboratory,30,false
CS1820,Computing laboratory (robotics),15,false
CS3822,Full Unit Project in Artificial Intelligence,30,true
CS4563,Technology Entrepreneurship,15,false
CS4920,Machine Learning,15,false
MT2220,Vector Analysis and Fluids,-1,false
CS1803,Introduction to Programming,15,false
CS4823,MSci Individual Project in Distributed and Networked Systems,30,true
CS4990,Natural Language Processing,15,false
CS4822,MSci Individual Project in Artificial Intelligence,30,true
CS2846,Human-Computer Interaction,15,false
MT1720,Functions of Several Variables,15,false
MT2800,Linear Algebra and a Group Project,15,false
DC2845,Data Analytics and Visualisation,15,false
CS2800,Software Engineering,15,false
CS2821,Systems Programming,15,false
CS3821,Full Unit Project,30,true
CS3510,Functional Programming and Applications,15,false
CS4950,Deep Learning,15,false
CS4504,"Business Intelligence Systems, Infrastructures and Technologies",15,false
IY3501,Security management,15,false
CS4200,On-line Machine Learning,15,false
CS3220,Digital Audio and Applications,15,false
CS2865,Mathematical Structures,15,false
IY3609,Digital forensics,15,false
MT2630,Graphs and Optimsation,15,false
CS3750,Concurrent and parallel programming,15,false
CS1830,Computing laboratory (games),15,false
CS4825,MSci Team Project,30,true
CS1801,Object oriented programming,30,false
IY3821,Full Unit Project in Information Security,30,true
CS3003,IT Project Management,15,false
CS2810,Team Project,15,false
CS2900,Multi-dimensional Data Processing,15,false
CS3930,Computational Finance,15,false
CS3000,Randomness in Computing,15,false
CS4100,Data Analysis,15,false
CS3480,Software Language Engineering,15,false
CS1823,Programming in Practice,30,false
CS3870,Advanced Algorithms and Complexity (short title Advanced Algorithms),15,false
IY4501,Security management,15,false
MT3000,Mathematics Project,-1,true
IY4610,Security Testing Theory and Practice,15,false
CS2850,Operating Systems,15,false
CS2847,Human-Computer Interaction,15,false
CS3490,Computational Optimization,15,false
CS1831,Computing laboratory (games),15,false
CS3001,Year in Industry,30,false
IY4500,MSci Project in Information Security,30,true
CS3250,Visualisation and Exploratory Analysis,15,false
CS4980,Autonomous Intelligent Systems,15,false
CS3824,Project in Computing Technologies,30,true
DC3811,Team Project in HCI,15,false
CS4910,Running a Small Business,15,false
MT2320,Probability,-1,false
CS4821,MSci Individual Project,30,true
MT1810,Number Systems,15,false
CS3580,Advanced Data Communications,15,false
CS3920,Machine Learning,15,false
CS3450,Software Verification,15,false
CS4826,MSci Individual Project in Distributed and Networked Systems,0,false
CS4940,Intelligent Agents and Multi-Agent Systems,0,false