prog_code,title,duration,is_yini
1067,BSc Computer Science,3,false
1059,BSc Computer Science (Artificial Intelligence),3,false
2675,BSc Computer Science (Information Security),3,false
2843,BSc Computer Science (Software Engineering),3,false
1069,BSc Computer Science AND Mathematics,3,false
1062,BSc Computer Science with Management,3,false
2686,MSci Computer Science,4,false
2327,BSc Computer Science with a Year IN Industry,4,true
2687,MSci Computer Science with a Year IN Industry,5,true
2673,MSci Computer Science (Artificial Intelligence),4,false
2446,BSc Computer Science (Artificial Intelligence) with a Year IN Industry,4,true
2674,MSci Computer Science (Artificial Intelligence) with a Year IN Industry,5,true
2677,MSci Computer Science (Information Security),4,false
2676,BSc Computer Science (Information Security) with a Year IN Industry,4,true
2678,MSci Computer Science (Information Security) with a Year IN Industry,5,true
2845,MSci Computer Science (Software Engineering),4,false
2844,BSc Computer Science (Software Engineering) with a Year IN Industry,4,true
2846,MSci Computer Science (Software Engineering) with a Year IN Industry,5,true
3424,BSc Computing Technologies,3,false
3014,BSc Computer Science (Distributed AND Networked Systems),3,false
3449,BSc Computer Science with Integrated Foundation Year,4,false
1257,BSc Computing AND Business,3,false
3015,BSc Computer Science (Distributed AND Networked Systems) with a Year IN Industry,4,true
3016,MSci Computer Science (Distributed AND Networked Sysytems),4,false
3017,MSci Computer Science (Distributed AND Networked Systems) with a Year IN Industry,5,true
3047,"BSc Digital Media, Culture AND Technologyy",3,false